,,,0,,,,,,,,,,,,,,,,,,,,,,,
1,750,483,450,98.9,0.78,,,-0.43, 1.50,,,,-17.92, 1.10,,,,-17.95, 1.10,,,,-18.41, 1.88,-17.71, 1.35
2,670,483,530,98.61,0.99,,,0.57, 1.08,,,,-16.92, 1.08,,,,-16.96, 1.08,,,,-17.47, 1.70,-16.61, 1.40
3,590,483,610,97.68,1.6,,,-0.14, 0.96,,,,-17.64, 0.96,,,,-17.69, 0.96,,,,-17.91, 1.29,-17.42, 1.44
4,510,483,690,96.45,3.055,,,0.02, 1.27,,,,-17.48, 1.27,,,,-17.59, 1.27,,,,-17.96, 1.64,-17.03, 2.00
5,430,483,770,92.42,7.35,,,2.59, 1.02,,,,-14.90, 1.02,,,,-15.16, 1.02,,,,-15.15, 1.57,-15.17, 1.34
6,350,483,850,82.94,16.55,,,2.86, 1.25,,,,-14.63, 1.25,,,,-15.23, 1.22,,,,-15.20, 1.75,-15.25, 1.72
7,270,483,930,72.48,27.14,,,1.79, 1.31,,,,-15.70, 1.31,,,,-16.67, 1.26,,,,-16.30, 1.63,-17.24, 2.00
8,190,483,1010,62.72,36.905,,,2.80, 1.00,,,,-14.69, 1.00,,,,-16.01, 0.87,,,,-16.39, 1.74,-15.89, 1.00
9,110,483,1090,54.52,45.09,,,2.35, 1.18,,,,-15.14, 1.18,,,,-16.76, 1.01,,,,-17.28, 1.46,-16.29, 1.38
10,30,483,1170,47.945,51.55,,,0.77, 1.35,,,,-16.72, 1.35,,,,-18.57, 1.16,,,,-18.60, 1.57,-18.53, 1.72
11,-50,483,1250,42.58,56.92,,,1.61, 1.57,,,,-15.88, 1.57,,,,-17.92, 1.36,,,,-17.91, 1.81,-17.94, 2.08
12,-130,483,1330,37.47,62.46,,,2.39, 1.71,,,,-15.10, 1.71,,,,-17.34, 1.48,,,,-18.29, 2.52,-16.83, 1.83
13,-210,483,1410,32.82,67.14,,,1.55, 1.47,,,,-15.94, 1.47,,,,-18.34, 1.16,,,,-18.20, 1.86,-18.43, 1.48
14,-290,483,1490,29.72,69.855,,,0.43, 1.56,,,,-17.06, 1.56,,,,-19.56, 1.24,,,,-19.10, 1.90,-19.90, 1.64
15,-370,483,1570,26.38,73.39,,,-1.19, 1.79,,,,-18.68, 1.79,,,,-21.31, 1.48,,,,-22.21, 2.18,-20.53, 2.02
16,-450,483,1650,23.24,76.54,,,-0.01, 1.79,,,,-17.50, 1.79,,,,-20.24, 1.46,,,,-20.07, 2.15,-20.39, 1.99
17,-530,483,1730,20.241,79.707,,,-0.72, 1.96,,,,-18.21, 1.96,,,,-21.06, 1.63,,,,-22.11, 2.77,-20.50, 2.02
18,-610,483,1810,17.025,83.089,,,-3.76, 2.16,,,,-21.25, 2.16,,,,-24.23, 1.84,,,,-25.69, 2.47,-22.39, 2.77
19,-690,483,1890,14.709,85.424,,,-2.69, 1.79,,,,-20.18, 1.79,,,,-23.24, 1.37,,,,-22.78, 1.67,-24.15, 1.96
20,-770,483,1970,11.669,88.306,,,-2.26, 2.34,,,,-19.76, 2.34,,,,-22.92, 2.01,,,,-22.93, 3.82,-22.91, 2.37
21,-850,483,2050,9.454,90.43,,,-5.22, 2.35,,,,-22.71, 2.35,,,,-25.95, 2.00,,,,-24.45, 3.43,-26.72, 2.47
22,-930,483,2130,7.55,92.438,,,-5.94, 2.63,,,,-23.43, 2.63,,,,-26.74, 2.31,,,,-25.83, 3.69,-27.33, 2.97
23,-1010,483,2210,5.953,94.108,,,-8.39, 2.77,,,,-25.88, 2.77,,,,-29.25, 2.46,,,,-28.63, 3.01,-30.50, 4.27
24,-1090,483,2290,4.75,95.3,,,-5.08, 3.50,,,,-22.58, 3.50,,,,-25.99, 3.25,,,,-29.60, 6.06,-24.52, 3.86
25,-1170,483,2370,3.605,96.368,,,-12.87, 4.12,,,,-30.37, 4.12,,,,-33.82, 3.91,,,,-33.50, 5.33,-34.18, 5.75
26,-1250,483,2450,2.84,97.11,,,-5.65, 4.71,,,,-23.14, 4.71,,,,-26.62, 4.52,,,,-26.91, 5.41,-25.95, 8.22
27,-1330,483,2530,2.03,97.86,,,-4.69, 5.99,,,,-22.18, 5.99,,,,-25.68, 5.84,,,,-25.71, 7.53,-25.65, 9.23
28,-1410,483,2610,1.61,98.45,,,-4.00, 6.69,,,,-21.49, 6.69,,,,-25.02, 6.55,,,,-25.80, 8.55,-23.90, 10.20
29,-1509,504,2711,1.489,98.587,,,-3.88, 7.22,,,,-21.37, 7.22,,,,-24.90, 7.10,,,,-27.37, 9.95,-22.33, 10.13
30,-1570,483,2776,1.44,98.81,,,-6.24, 5.91,,,,-23.74, 5.91,,,,-27.27, 5.75,,,,-29.35, 7.31,-23.91, 9.30
31,-1650,483,2856,1.31,98.64,,,-3.36, 5.94,,,,-20.86, 5.94,,,,-24.39, 5.78,,,,-29.76, 7.92,-18.26, 8.46
,,,3306,,,,,,,,,,,,,,,,,,,,,,,
,,,,,,,,,,,,,,,,,,,,,,,,,,
,,,,,,,,,,,,,,,,,,,,,,,,,,
,,,,,,,,,,,,,,,,,,,,,,,,,,
,,,,,,,,,,,,,,,,,,,,,,,,,,
,,,,,,,,,,,,,,,,,,,,,,,,,,
,,,,,,,,,,,,,,,,,,,,,,,,,,
,,,,,,,,,,,,,,,,,,,,,,,,,,
,,,,,,,,,,,,,,,,,,,,,,,,,,
,,,,,,,,,,,,,,,,,,,,,,,,,,
,,,,,,,,,,,,,,,,,,,,,,,,,,
,,,,,,,,,,,,,,,,,,,,,,,,,,
,,,,,,,,,,,,,,,,,,,,,,,,,,
,,,,,,,,,,,,,,,,,,,,,,,,,,
,,,,,,,,,,,,,,,,,,,,,,,,,,
,,,,,,,,,,,,,,,,,,,,,,,,,,
,,,,,,,,,,,,,,,,,,,,,,,,,,
,,,,,,,,,,,,,,,,,,,,,,,,,,
,,,,,,,,,,,,,,,,,,,,,,,,,,
,,,,,,,,,,,,,,,,,,,,,,,,,,
,,,,,,,,,,,,,,,,,,,,,,,,,,
,,,,,,,,,,,,,,,,,,,,,,,,,,
,,,,,,,,,,,,,,,,,,,,,,,,,,
,,,,,,,,,,,,,,,,,,,,,,,,,,
,,,,,,,,,,,,,,,,,,,,,,,,,,
,,,,,,,,,,,,,,,,,,,,,,,,,,
,,,,,,,,,,,,,,,,,,,,,,,,,,
,,,,,,,,,,,,,,,,,,,,,,,,,,
,,,,,,,,,,,,,,,,,,,,,,,,,,
,,,,,,,,,,,,,,,,,,,,,,,,,,
,,,,,,,,,,,,,,,,,,,,,,,,,,
,,,,,,,,,,,,,,,,,,,,,,,,,,
,,,,,,,,,,,,,,,,,,,,,,,,,,
FNDA-2,,,,,,,,dNi combines data from 61Ni/60Ni and 62Ni/60Ni,,,,,,,,,,,,,,,,,,
,,,,,,,,Mtarix-corrected and,,,,,Matrix-corrected ratios,,,,,Uncorrected data,,,,,,,,
"Data collected February, 2013",,,,,,,,Internally standardized ratios,,,,,No correction for instrumental fractionation,,,,,No matrix correction or correction for instrumental fractionation,,,,,,,,
Ni Profile #1,,,Distance,,,,,,,,,,,,,,,,,,,,,,,
Spot Number,Position X,Position Y,From Edge,Fe,Ni,,,dNi/60Ni ‰ / amu,2smean,,,,dNi/60Ni ‰ / amu,2smean,,,,dNi/60Ni ‰ / amu,2smean,,,,d61Ni,2smean,d62Ni,2smean
,,,0,,,,,,,,,,,,,,,,,,,,,,,
1,750,483,450,98.9,0.78,,,7.86, 15.92,,,,-6.38, 15.65,,,,-3.94, 15.64,,,,12.71, 139.85,-4.15, 15.74
2,670,483,530,98.61,0.99,,,4.74, 15.89,,,,-9.50, 15.62,,,,-7.07, 15.60,,,,-10.12, 138.56,-7.03, 15.70
3,590,483,610,97.68,1.6,,,2.60, 15.59,,,,-11.63, 15.31,,,,-9.22, 15.30,,,,-69.54, 131.87,-8.40, 15.40
4,510,483,690,96.45,3.055,,,-8.20, 13.40,,,,-22.43, 13.08,,,,-20.06, 13.06,,,,-24.60, 116.95,-20.00, 13.14
5,430,483,770,92.42,7.35,,,-8.57, 9.89,,,,-22.80, 9.45,,,,-20.52, 9.43,,,,-38.61, 83.82,-20.29, 9.49
6,350,483,850,82.94,16.55,,,-12.13, 6.53,,,,-26.36, 5.83,,,,-24.32, 5.81,,,,-6.44, 52.80,-24.54, 5.84
7,270,483,930,72.48,27.14,,,-7.59, 4.64,,,,-21.82, 3.60,,,,-20.04, 3.57,,,,-17.85, 32.18,-20.06, 3.59
8,190,483,1010,62.72,36.905,,,-3.95, 3.73,,,,-18.18, 2.32,,,,-16.64, 2.27,,,,-23.40, 20.32,-16.55, 2.29
9,110,483,1090,54.52,45.09,,,-2.83, 3.53,,,,-17.07, 1.97,,,,-15.73, 1.93,,,,-14.30, 17.31,-15.74, 1.94
10,30,483,1170,47.945,51.55,,,-2.72, 3.49,,,,-16.95, 1.90,,,,-15.77, 1.87,,,,-13.58, 16.82,-15.80, 1.89
11,-50,483,1250,42.58,56.92,,,-0.78, 3.48,,,,-15.02, 1.88,,,,-13.97, 1.85,,,,-8.27, 16.63,-14.04, 1.86
12,-130,483,1330,37.47,62.46,,,0.37, 3.46,,,,-13.87, 1.85,,,,-12.95, 1.83,,,,-5.88, 16.46,-13.03, 1.84
13,-210,483,1410,32.82,67.14,,,-0.95, 3.46,,,,-15.19, 1.84,,,,-14.38, 1.83,,,,-18.59, 16.36,-14.32, 1.84
14,-290,483,1490,29.72,69.855,,,-0.36, 3.46,,,,-14.59, 1.84,,,,-13.86, 1.83,,,,-7.42, 16.44,-13.94, 1.84
15,-370,483,1570,26.38,73.39,,,-0.43, 3.48,,,,-14.66, 1.88,,,,-14.01, 1.87,,,,-14.67, 16.73,-14.00, 1.88
16,-450,483,1650,23.24,76.54,,,0.60, 3.50,,,,-13.64, 1.92,,,,-13.07, 1.91,,,,-5.59, 17.19,-13.16, 1.92
17,-530,483,1730,20.241,79.707,,,-0.19, 3.57,,,,-14.43, 2.05,,,,-13.93, 2.04,,,,-12.38, 18.31,-13.95, 2.06
18,-610,483,1810,17.025,83.089,,,-0.39, 3.61,,,,-14.62, 2.12,,,,-14.20, 2.12,,,,-14.83, 18.97,-14.19, 2.13
19,-690,483,1890,14.709,85.424,,,-1.37, 3.70,,,,-15.60, 2.26,,,,-15.24, 2.26,,,,-12.07, 19.58,-15.28, 2.19
20,-770,483,1970,11.669,88.306,,,-0.64, 3.70,,,,-14.88, 2.26,,,,-14.59, 2.26,,,,-13.85, 20.29,-14.60, 2.28
21,-850,483,2050,9.454,90.43,,,0.66, 3.74,,,,-13.57, 2.32,,,,-13.34, 2.32,,,,-12.37, 20.81,-13.35, 2.34
22,-930,483,2130,7.55,92.438,,,1.04, 3.78,,,,-13.20, 2.39,,,,-13.01, 2.39,,,,-15.39, 21.33,-12.98, 2.40
23,-1010,483,2210,5.953,94.108,,,0.98, 3.80,,,,-13.26, 2.43,,,,-13.11, 2.43,,,,-12.94, 21.73,-13.11, 2.44
24,-1090,483,2290,4.75,95.3,,,-0.62, 3.82,,,,-14.86, 2.45,,,,-14.74, 2.45,,,,-15.04, 21.93,-14.74, 2.46
25,-1170,483,2370,3.605,96.368,,,-2.32, 3.84,,,,-16.56, 2.49,,,,-16.47, 2.49,,,,-34.62, 22.14,-16.24, 2.51
26,-1250,483,2450,2.84,97.11,,,0.26, 3.87,,,,-13.98, 2.54,,,,-13.91, 2.54,,,,-12.70, 22.76,-13.92, 2.56
27,-1330,483,2530,2.03,97.86,,,-0.63, 3.88,,,,-14.87, 2.54,,,,-14.82, 2.54,,,,-22.94, 22.70,-14.72, 2.56
28,-1410,483,2610,1.61,98.45,,,2.43, 3.88,,,,-11.81, 2.55,,,,-11.77, 2.55,,,,-12.99, 22.82,-11.75, 2.57
29,-1509,504,2711,1.489,98.587,,,0.83, 3.86,,,,-13.40, 2.52,,,,-13.37, 2.52,,,,-11.00, 22.59,-13.40, 2.54
30,-1570,483,2776,1.44,98.81,,,-3.09, 3.63,,,,-17.33, 2.15,,,,-17.29, 2.15,,,,-0.75, 19.44,-17.50, 2.16
31,-1650,483,2856,1.31,98.64,,,0.05, 3.60,,,,-14.18, 2.09,,,,-14.15, 2.09,,,,-2.93, 18.82,-14.29, 2.10
,,,3306,,,,,,,,,,,,,,,,,,,,,,,
,,,,,,,,,,,,,,,,,,,,,,,,,,
,,,Yellow highlight indicates a jump in beam current during the measurements.  Spots should probably be eliminated from published data.,,,,,,,,,,,,,,,,,,,,,,,
,,,,,,,,,,,,,,,,,,,,,,,,,,
,,,,,,,,,,,,,,,,,,,,,,,,,,
,,,,,,,,,,,,,,,,,,,,,,,,,,
,,,,,,,,,,,,,,,,,,,,,,,,,,
,,,,,,,,,,,,,,,,,,,,,,,,,,
,,,,,,,,,,,,,,,,,,,,,,,,,,
,,,,,,,,,,,,,,,,,,,,,,,,,,
,,,,,,,,,,,,,,,,,,,,,,,,,,
,,,,,,,,,,,,,,,,,,,,,,,,,,
,,,,,,,,,,,,,,,,,,,,,,,,,,
,,,,,,,,,,,,,,,,,,,,,,,,,,
,,,,,,,,,,,,,,,,,,,,,,,,,,
,,,,,,,,,,,,,,,,,,,,,,,,,,
,,,,,,,,,,,,,,,,,,,,,,,,,,
,,,,,,,,,,,,,,,,,,,,,,,,,,
,,,,,,,,,,,,,,,,,,,,,,,,,,
,,,,,,,,,,,,,,,,,,,,,,,,,,
,,,,,,,,,,,,,,,,,,,,,,,,,,
,,,,,,,,,,,,,,,,,,,,,,,,,,
,,,,,,,,,,,,,,,,,,,,,,,,,,
,,,,,,,,,,,,,,,,,,,,,,,,,,
,,,,,,,,,,,,,,,,,,,,,,,,,,
,,,,,,,,,,,,,,,,,,,,,,,,,,
,,,,,,,,,,,,,,,,,,,,,,,,,,
,,,,,,,,,,,,,,,,,,,,,,,,,,
,,,,,,,,,,,,,,,,,,,,,,,,,,
,,,,,,,,,,,,,,,,,,,,,,,,,,
,,,,,,,,,,,,,,,,,,,,,,,,,,
,,,,,,,,,,,,,,,,,,,,,,,,,,
,,,,,,,,,,,,,,,,,,,,,,,,,,
,,,,,,,,,,,,,,,,,,,,,,,,,,
,,,,,,,,,,,,,,,,,,,,,,,,,,
,,,,,,,,,,,,,,,,,,,,,,,,,,
FNDA-2,,,,,,,,,,,,,,,,,,,,,,,,,,
Nickel Profile #2,,,,,,,,Mtarix-corrected and,,,,,Matrix-corrected ratios,,,,,Uncorrected data,,,,,,,,
"Data collected November, 2014",,,,,,,,Internally standardized ratios,,,,,No correction for instrumental fractionation,,,,,No matrix correction or correction for instrumental fractionation,,,,,,,,
,,,Distance,,,,,,,,,,,,,,,,,,,,,,,
Spot Number,Position X,Position Y,From Edge,Fe,Ni,,,d62Ni/60Ni ‰ / amu,2smean,,,,d62Ni/60Ni ‰ / amu,2smean,,,,d62Ni/60Ni ‰ / amu,2smean,,,,,,,
,,,0,,,,,,,,,,,,,,,,,,,,,,,
1,1196,400,464,98.652,0.948,,,-0.74, 4.44,,,,-15.01, 4.12,,,,-12.68, 4.07,,,,,,,
2,1121,402,539,98.808,0.948,,,-5.47, 3.50,,,,-19.75, 3.10,,,,-17.41, 3.03,,,,,,,
3,1046,405,614,97.626,1.735,,,-6.36, 3.24,,,,-20.64, 2.79,,,,-18.33, 2.72,,,,,,,
4,971,408,689,95.82,3.658,,,-8.35, 2.74,,,,-22.62, 2.19,,,,-20.36, 2.10,,,,,,,
5,896,410,764,90.923,8.818,,,-11.12, 2.34,,,,-25.39, 1.66,,,,-23.24, 1.55,,,,,,,
6,821,412,839,81.195,18.215,,,-8.50, 2.16,,,,-22.78, 1.41,,,,-20.85, 1.30,,,,,,,
7,746,415,914,71.144,28.484,,,-6.73, 2.10,,,,-21.01, 1.31,,,,-19.32, 1.22,,,,,,,
8,671,418,989,61.488,38.123,,,-3.12, 1.92,,,,-17.39, 0.99,,,,-15.94, 0.90,,,,,,,
9,596,420,1064,54.520,45.090,,,-2.80, 1.87,,,,-17.07, 0.88,,,,-15.78, 0.81,,,,,,,
10,521,422,1139,48.374,51.12,,,-0.93, 2.01,,,,-15.21, 1.16,,,,-14.06, 1.12,,,,,,,
11,446,425,1214,42.902,56.598,,,-0.95, 1.94,,,,-15.23, 1.03,,,,-14.21, 0.99,,,,,,,
12,371,428,1289,38.062,61.848,,,-0.86, 1.82,,,,-15.13, 0.77,,,,-14.23, 0.73,,,,,,,
13,296,430,1365,33.454,66.51,,,-0.36, 1.97,,,,-14.63, 1.09,,,,-13.84, 1.06,,,,,,,
14,221,432,1440,30.365,69.158,,,0.53, 1.92,,,,-13.75, 1.00,,,,-13.03, 0.98,,,,,,,
15,146,435,1515,26.995,72.748,,,0.60, 1.89,,,,-13.67, 0.94,,,,-13.03, 0.92,,,,,,,
16,71,438,1590,24.592,75.172,,,-0.16, 2.93,,,,-14.44, 2.42,,,,-13.86, 2.42,,,,,,,
17,-4,440,1665,21.010,78.875,,,0.08, 2.16,,,,-14.20, 1.40,,,,-13.70, 1.39,,,,,,,
18,-79,442,1740,18.180,81.570,,,-0.93, 2.53,,,,-15.20, 1.92,,,,-14.77, 1.92,,,,,,,
19,-154,445,1815,15.564,84.646,,,0.54, 1.96,,,,-13.73, 1.07,,,,-13.37, 1.06,,,,,,,
20,-229,448,1890,12.647,87.178,,,-0.88, 1.89,,,,-15.16, 0.94,,,,-14.86, 0.93,,,,,,,
21,-304,450,1965,10.286,89.674,,,-0.40, 1.93,,,,-14.67, 1.01,,,,-14.43, 1.01,,,,,,,
22,-379,452,2040,8.39,91.451,,,0.37, 2.00,,,,-13.90, 1.14,,,,-13.70, 1.13,,,,,,,
23,-454,455,2115,6.705,93.375,,,0.24, 1.87,,,,-14.04, 0.90,,,,-13.88, 0.90,,,,,,,
24,-529,458,2190,5.569,94.309,,,1.75, 2.02,,,,-12.52, 1.17,,,,-12.39, 1.17,,,,,,,
25,-604,460,2265,4.232,95.852,,,-0.66, 2.42,,,,-14.94, 1.77,,,,-14.84, 1.77,,,,,,,
26,-679,462,2340,3.335,96.464,,,0.77, 2.58,,,,-13.50, 1.99,,,,-13.42, 1.99,,,,,,,
27,-754,465,2415,2.738,97.2,,,-0.39, 2.64,,,,-14.67, 2.06,,,,-14.61, 2.06,,,,,,,
28,-829,468,2490,1.79,98.1,,,-0.42, 2.22,,,,-14.70, 1.50,,,,-14.66, 1.50,,,,,,,
,,,2954,,,,,,,,,,,,,,,,,,,,,,,
,,,,,,,,,,,,,,,,,,,,,,,,,,
,,,,,,,,,,,,,,,,,,,,,,,,,,
,,,,,,,,,,,,,,,,,,,,,,,,,,
,,,,,,,,,,,,,,,,,,,,,,,,,,
,,,,,,,,,,,,,,,,,,,,,,,,,,
,,,,,,,,,,,,,,,,,,,,,,,,,,
,,,,,,,,,,,,,,,,,,,,,,,,,,
,,,,,,,,,,,,,,,,,,,,,,,,,,
,,,,,,,,,,,,,,,,,,,,,,,,,,
,,,,,,,,,,,,,,,,,,,,,,,,,,
,,,,,,,,,,,,,,,,,,,,,,,,,,
,,,,,,,,,,,,,,,,,,,,,,,,,,
,,,,,,,,,,,,,,,,,,,,,,,,,,
,,,,,,,,,,,,,,,,,,,,,,,,,,
,,,,,,,,,,,,,,,,,,,,,,,,,,
,,,,,,,,,,,,,,,,,,,,,,,,,,
,,,,,,,,,,,,,,,,,,,,,,,,,,
,,,,,,,,,,,,,,,,,,,,,,,,,,
,,,,,,,,,,,,,,,,,,,,,,,,,,
,,,,,,,,,,,,,,,,,,,,,,,,,,
,,,,,,,,,,,,,,,,,,,,,,,,,,
,,,,,,,,,,,,,,,,,,,,,,,,,,
,,,,,,,,,,,,,,,,,,,,,,,,,,
,,,,,,,,,,,,,,,,,,,,,,,,,,
,,,,,,,,,,,,,,,,,,,,,,,,,,
,,,,,,,,,,,,,,,,,,,,,,,,,,
,,,,,,,,,,,,,,,,,,,,,,,,,,
,,,,,,,,,,,,,,,,,,,,,,,,,,
,,,,,,,,,,,,,,,,,,,,,,,,,,
,,,,,,,,,,,,,,,,,,,,,,,,,,
,,,,,,,,,,,,,,,,,,,,,,,,,,
,,,,,,,,,,,,,,,,,,,,,,,,,,
,,,,,,,,,,,,,,,,,,,,,,,,,,
FNDA-1,,,,,,,,dFe combines data from 56Fe/54Fe and 57Fe/54Fe,,,,,,,,,,,,,,,,,,
,,,,,,,,Mtarix-corrected and,,,,,Matrix-corrected ratios,,,,,Uncorrected data,,,,,,,,
"Data collected February, 2013",,,,,,,,Internally standardized ratios,,,,,No correction for instrumental fractionation,,,,,No matrix correction or correction for instrumental fractionation,,,,,,,,
Fe Profile #1,,,Distance,,,,,,,,,,,,,,,,,,,,Original uncombined ratios,,,
Spot Number,Position X,Position Y,From Edge,Fe,Ni,,,dFe/54Fe ‰ / amu,2smean,,,,dFe/54Fe ‰ / amu,2smean,,,,dFe/54Fe ‰ / amu,2smean,,,,d56Fe,2smean,d57Fe,2smean
,,,0,,,,,,,,,,,,,,,,,,,,,,,
1,-800,605,475,98.40,0.87,,,0.10, 0.70,,,,-18.38, 0.70,,,,-18.41, 0.70,,,,-17.88, 1.01,-18.91, 0.98
2,-650,605,625,98.53,0.79,,,0.04, 0.90,,,,-18.44, 0.90,,,,-18.47, 0.90,,,,-18.68, 1.66,-18.38, 1.07
3,-500,605,775,98.54,0.92,,,0.59, 0.93,,,,-17.89, 0.93,,,,-17.92, 0.93,,,,-18.41, 1.41,-17.53, 1.24
4,-425,605,850,98.81,0.75,,,-0.11, 0.67,,,,-18.59, 0.67,,,,-18.62, 0.67,,,,-18.68, 0.85,-18.52, 1.11
5,-350,605,925,98.81,0.82,,,-0.26, 0.98,,,,-18.74, 0.98,,,,-18.77, 0.98,,,,-18.32, 1.97,-18.92, 1.13
6,-275,605,1000,98.30,1.02,,,-0.36, 0.62,,,,-18.85, 0.62,,,,-18.88, 0.62,,,,-18.38, 1.12,-19.10, 0.74
7,-200,605,1075,98.52,1.00,,,0.40, 0.73,,,,-18.08, 0.73,,,,-18.11, 0.73,,,,-19.07, 1.61,-17.87, 0.82
8,-125,605,1150,98.77,0.69,,,0.27, 0.75,,,,-18.21, 0.75,,,,-18.24, 0.75,,,,-18.23, 1.12,-18.24, 1.01
9,-50,605,1225,98.25,1.15,,,0.10, 0.86,,,,-18.39, 0.86,,,,-18.43, 0.86,,,,-18.33, 1.61,-18.46, 1.02
10,25,605,1300,97.73,1.78,,,1.10, 0.67,,,,-17.38, 0.67,,,,-17.44, 0.67,,,,-17.65, 0.94,-17.22, 0.97
11,100,605,1375,87.77,11.63,,,1.42, 0.63,,,,-17.06, 0.63,,,,-17.47, 0.63,,,,-17.58, 0.84,-17.34, 0.95
12,175,605,1450,66.67,32.86,,,2.78, 0.61,,,,-15.70, 0.61,,,,-16.88, 0.61,,,,-16.33, 1.19,-17.07, 0.71
13,225,605,1500,55.86,43.74,,,2.41, 0.89,,,,-16.07, 0.89,,,,-17.63, 0.89,,,,-17.71, 1.46,-17.58, 1.11
14,300,605,1575,45.89,53.88,,,1.86, 1.07,,,,-16.63, 1.07,,,,-18.55, 1.07,,,,-19.05, 1.84,-18.30, 1.32
15,375,605,1650,36.73,62.99,,,1.44, 1.02,,,,-17.04, 1.02,,,,-19.29, 1.02,,,,-20.34, 1.66,-18.66, 1.29
16,450,605,1725,29.34,70.68,,,0.92, 0.92,,,,-17.56, 0.92,,,,-20.09, 0.92,,,,-20.36, 1.19,-19.67, 1.47
17,525,605,1800,23.81,76.11,,,0.54, 1.56,,,,-17.94, 1.56,,,,-20.66, 1.56,,,,-20.48, 1.98,-20.96, 2.52
18,600,605,1875,17.97,81.92,,,-3.12, 1.26,,,,-21.60, 1.26,,,,-24.53, 1.26,,,,-24.99, 1.91,-24.18, 1.67
19,675,605,1950,12.66,87.15,,,-3.63, 1.28,,,,-22.11, 1.28,,,,-25.23, 1.28,,,,-25.31, 1.41,-24.84, 1.91
20,750,605,2025,9.54,90.47,,,-3.45, 2.07,,,,-21.93, 2.07,,,,-25.17, 2.07,,,,-25.38, 2.87,-24.94, 2.99
21,825,605,2100,6.08,93.92,,,-9.06, 2.12,,,,-27.54, 2.12,,,,-30.90, 2.12,,,,-31.03, 3.07,-30.78, 2.93
22,900,605,2175,3.67,96.31,,,-4.57, 2.72,,,,-23.05, 2.72,,,,-26.50, 2.72,,,,-26.77, 3.24,-25.84, 5.00
23,975,605,2250,2.15,97.75,,,-5.71, 4.14,,,,-24.19, 4.14,,,,-27.68, 4.14,,,,-31.56, 6.67,-25.26, 5.27
24,1050,605,2325,1.59,98.48,,,-4.37, 3.64,,,,-22.85, 3.64,,,,-26.38, 3.64,,,,-27.98, 4.62,-23.74, 5.92
25,1125,605,2400,1.28,98.76,,,-0.16, 6.32,,,,-18.64, 6.32,,,,-22.18, 6.32,,,,-20.69, 8.96,-23.64, 8.91
26,1200,605,2475,0.99,99.03,,,-3.68, 5.47,,,,-22.16, 5.47,,,,-25.71, 5.47,,,,-26.72, 7.15,-24.27, 8.50
27,1275,605,2550,1.07,99.12,,,11.33, 3.44,,,,-7.15, 3.44,,,,-10.70, 3.44,,,,-7.76, 4.78,-13.87, 4.97
28,1350,555,2625,0.94,99.10,,,10.46, 8.21,,,,-8.02, 8.21,,,,-11.57, 8.21,,,,-8.24, 11.38,-15.18, 11.85
29,1425,555,2700,0.86,98.92,,,11.75, 7.01,,,,-6.73, 7.01,,,,-10.27, 7.01,,,,-7.98, 10.24,-12.29, 9.62
,,,2810,,,,,,,,,,,,,,,,,,,,,,,
,,,,,,,,,,,,,,,,,,,,,,,,,,
,,,,,,,,,,,,,,,,,,,,,,,,,,
,,,,,,,,,,,,,,,,,,,,,,,,,,
,,,,,,,,,,,,,,,,,,,,,,,,,,
,,,,,,,,,,,,,,,,,,,,,,,,,,
,,,,,,,,,,,,,,,,,,,,,,,,,,
,,,,,,,,,,,,,,,,,,,,,,,,,,
,,,,,,,,,,,,,,,,,,,,,,,,,,
,,,,,,,,,,,,,,,,,,,,,,,,,,
,,,,,,,,,,,,,,,,,,,,,,,,,,
,,,,,,,,,,,,,,,,,,,,,,,,,,
,,,,,,,,,,,,,,,,,,,,,,,,,,
,,,,,,,,,,,,,,,,,,,,,,,,,,
,,,,,,,,,,,,,,,,,,,,,,,,,,
,,,,,,,,,,,,,,,,,,,,,,,,,,
,,,,,,,,,,,,,,,,,,,,,,,,,,
,,,,,,,,,,,,,,,,,,,,,,,,,,
,,,,,,,,,,,,,,,,,,,,,,,,,,
,,,,,,,,,,,,,,,,,,,,,,,,,,
,,,,,,,,,,,,,,,,,,,,,,,,,,
,,,,,,,,,,,,,,,,,,,,,,,,,,
,,,,,,,,,,,,,,,,,,,,,,,,,,
,,,,,,,,,,,,,,,,,,,,,,,,,,
,,,,,,,,,,,,,,,,,,,,,,,,,,
,,,,,,,,,,,,,,,,,,,,,,,,,,
,,,,,,,,,,,,,,,,,,,,,,,,,,
,,,,,,,,,,,,,,,,,,,,,,,,,,
,,,,,,,,,,,,,,,,,,,,,,,,,,
,,,,,,,,,,,,,,,,,,,,,,,,,,
,,,,,,,,,,,,,,,,,,,,,,,,,,
,,,,,,,,,,,,,,,,,,,,,,,,,,
,,,,,,,,,,,,,,,,,,,,,,,,,,
,,,,,,,,,,,,,,,,,,,,,,,,,,
,,,,,,,,,,,,,,,,,,,,,,,,,,
FNDA-1,,,,,,,,,,,,,,,,,,,,,,,,,,
,,,,,,,,Mtarix-corrected and,,,,,Matrix-corrected ratios,,,,,Uncorrected data,,,,,,,,
Data collected November 2014,,,,,,,,Internally standardized ratios,,,,,No correction for instrumental fractionation,,,,,No matrix correction or correction for instrumental fractionation,,,,,,,,
Fe Profile #2,,,Distance,,,,,,,,,,,,,,,,,,,,,,,
Spot Number,Position X,Position Y,From Edge,Fe,Ni,,,d56Fe/54Fe ‰ / amu,2smean,,,,d56Fe/54Fe ‰ / amu,2smean,,,,d56Fe/54Fe ‰ / amu,2smean,,,,,,,
,,,0,,,,,,,,,,,,,,,,,,,,,,,
1,1450,295,155,0.76,99.22,,,7.601, 3.80,,,,1.289, 3.76,,,,-2.262, 3.51,,,,,,,
2,1375,295,230,1.10,98.99,,,2.042, 2.93,,,,-4.269, 2.88,,,,-7.812, 2.54,,,,,,,
3,1300,295,305,1.05,98.87,,,6.557, 3.79,,,,0.245, 3.74,,,,-3.292, 3.50,,,,,,,
4,1225,295,380,1.07,99.03,,,3.609, 3.74,,,,-2.702, 3.69,,,,-6.246, 3.44,,,,,,,
5,1150,295,455,1.41,98.62,,,-0.901, 2.71,,,,-7.213, 2.65,,,,-10.742, 2.28,,,,,,,
6,1075,295,530,1.81,98.24,,,-5.231, 2.68,,,,-11.542, 2.62,,,,-15.057, 2.25,,,,,,,
7,1000,295,605,2.86,97.09,,,-2.926, 2.26,,,,-9.238, 2.19,,,,-12.712, 1.74,,,,,,,
8,925,295,680,4.66,95.34,,,-3.381, 2.24,,,,-9.693, 2.17,,,,-13.104, 1.74,,,,,,,
9,850,295,755,7.73,92.31,,,-0.598, 2.03,,,,-6.910, 1.95,,,,-10.213, 1.50,,,,,,,
10,775,295,830,11.37,88.55,,,0.439, 1.76,,,,-5.873, 1.67,,,,-9.041, 1.15,,,,,,,
11,700,295,905,15.09,84.80,,,1.394, 1.62,,,,-4.917, 1.52,,,,-7.952, 0.99,,,,,,,
12,625,295,980,20.79,79.07,,,2.068, 1.63,,,,-4.243, 1.53,,,,-7.073, 1.09,,,,,,,
13,550,295,1055,26.28,73.70,,,2.514, 1.53,,,,-3.797, 1.43,,,,-6.435, 1.02,,,,,,,
14,475,295,1130,32.64,67.37,,,0.641, 1.41,,,,-5.671, 1.29,,,,-8.081, 0.91,,,,,,,
15,400,295,1205,41.15,58.57,,,0.566, 1.43,,,,-5.746, 1.32,,,,-7.842, 1.05,,,,,,,
16,400,241,1215,41.82,57.91,,,0.751, 1.30,,,,-5.561, 1.17,,,,-7.633, 0.86,,,,,,,
17,325,241,1290,52.05,47.61,,,0.302, 1.30,,,,-6.010, 1.17,,,,-7.713, 0.97,,,,,,,
18,250,241,1365,66.67,32.86,,,1.287, 1.62,,,,-5.025, 1.52,,,,-6.201, 1.45,,,,,,,
19,175,241,1440,88.68,10.71,,,-0.398, 1.35,,,,-6.709, 1.23,,,,-7.093, 1.22,,,,,,,
20,100,241,1515,97.90,1.64,,,-2.041, 1.58,,,,-8.353, 1.48,,,,-8.412, 1.47,,,,,,,
21,25,241,1590,98.31,1.10,,,0.266, 1.67,,,,-6.045, 1.57,,,,-6.085, 1.57,,,,,,,
22,-50,241,1665,98.75,0.70,,,-0.335, 1.91,,,,-6.646, 1.82,,,,-6.672, 1.82,,,,,,,
23,-125,241,1740,98.52,1.00,,,0.044, 1.22,,,,-6.267, 1.09,,,,-6.303, 1.09,,,,,,,
24,-200,241,1815,98.30,1.02,,,-0.243, 1.55,,,,-6.555, 1.44,,,,-6.591, 1.44,,,,,,,
25,-275,241,1890,98.81,0.82,,,0.267, 1.33,,,,-6.044, 1.21,,,,-6.074, 1.21,,,,,,,
,,,2940,,,,,,,,,,,,,,,,,,,,,,,
,,,,,,,,,,,,,,,,,,,,,,,,,,
,,,,,,,,,,,,,,,,,,,,,,,,,,
,,,,,,,,,,,,,,,,,,,,,,,,,,
,,,,,,,,,,,,,,,,,,,,,,,,,,
,,,,,,,,,,,,,,,,,,,,,,,,,,
,,,,,,,,,,,,,,,,,,,,,,,,,,
,,,,,,,,,,,,,,,,,,,,,,,,,,
,,,,,,,,,,,,,,,,,,,,,,,,,,
,,,,,,,,,,,,,,,,,,,,,,,,,,
,,,,,,,,,,,,,,,,,,,,,,,,,,
,,,,,,,,,,,,,,,,,,,,,,,,,,
,,,,,,,,,,,,,,,,,,,,,,,,,,
,,,,,,,,,,,,,,,,,,,,,,,,,,
,,,,,,,,,,,,,,,,,,,,,,,,,,
,,,,,,,,,,,,,,,,,,,,,,,,,,
,,,,,,,,,,,,,,,,,,,,,,,,,,
,,,,,,,,,,,,,,,,,,,,,,,,,,
,,,,,,,,,,,,,,,,,,,,,,,,,,
,,,,,,,,,,,,,,,,,,,,,,,,,,
,,,,,,,,,,,,,,,,,,,,,,,,,,
,,,,,,,,,,,,,,,,,,,,,,,,,,
,,,,,,,,,,,,,,,,,,,,,,,,,,
,,,,,,,,,,,,,,,,,,,,,,,,,,
,,,,,,,,,,,,,,,,,,,,,,,,,,
,,,,,,,,,,,,,,,,,,,,,,,,,,
,,,,,,,,,,,,,,,,,,,,,,,,,,
,,,,,,,,,,,,,,,,,,,,,,,,,,
,,,,,,,,,,,,,,,,,,,,,,,,,,
,,,,,,,,,,,,,,,,,,,,,,,,,,
,,,,,,,,,,,,,,,,,,,,,,,,,,
,,,,,,,,,,,,,,,,,,,,,,,,,,
,,,,,,,,,,,,,,,,,,,,,,,,,,
,,,,,,,,,,,,,,,,,,,,,,,,,,
,,,,,,,,,,,,,,,,,,,,,,,,,,
FNDA-1,,,,,,,,dNi combines data from 61Ni/60Ni and 62Ni/60Ni,,,,,,,,,,,,,,,,,,
,,,,,,,,Mtarix-corrected and,,,,,Matrix-corrected ratios,,,,,Uncorrected data,,,,,,,,
"Data collected February, 2013",,,,,,,,Internally standardized ratios,,,,,No correction for instrumental fractionation,,,,,No matrix correction or correction for instrumental fractionation,,,,,,,,
Ni Profile #1,,,Distance,,,,,,,,,,,,,,,,,,,,,,,
Spot Number,Position X,Position Y,From Edge,Fe,Ni,,,dNi/60Ni ‰ / amu,2smean,,,,dNi/60Ni ‰ / amu,2smean,,,,dNi/60Ni ‰ / amu,2smean,,,,d61Ni,2smean,d62Ni,2smean
,,,0,,,,,,,,,,,,,,,,,,,,,,,
1,-800,605,475,98.40,0.87,,,-2.70, 14.14,,,,-16.44, 13.91,,,,-14.01, 13.89,,,,8.39, 125.54,-14.29, 13.97
2,-650,605,625,98.53,0.79,,,1.34, 14.00,,,,-12.40, 14.00,,,,-9.97, 13.98,,,,-52.16, 121.76,-9.41, 14.07
3,-500,605,775,98.54,0.92,,,-9.03, 13.92,,,,-22.78, 13.92,,,,-20.35, 13.90,,,,-130.59, 117.54,-18.78, 14.00
4,-425,605,850,98.81,0.75,,,2.00, 14.29,,,,-11.74, 14.29,,,,-9.30, 14.27,,,,-74.05, 122.75,-8.42, 14.37
5,-350,605,925,98.81,0.82,,,-5.19, 13.85,,,,-18.93, 13.85,,,,-16.50, 13.84,,,,-75.71, 119.95,-15.70, 13.93
6,-275,605,1000,98.30,1.02,,,1.99, 13.80,,,,-11.75, 13.80,,,,-9.33, 13.78,,,,-65.25, 119.10,-8.57, 13.88
7,-200,605,1075,98.52,1.00,,,-6.57, 13.60,,,,-20.32, 13.60,,,,-17.89, 13.59,,,,-58.64, 118.99,-17.35, 13.68
8,-125,605,1150,98.77,0.69,,,-4.09, 13.67,,,,-17.83, 13.67,,,,-15.40, 13.66,,,,43.86, 125.72,-16.11, 13.74
9,-50,605,1225,98.25,1.15,,,2.47, 13.64,,,,-11.28, 13.64,,,,-8.86, 13.62,,,,-53.94, 118.43,-8.25, 13.71
10,25,605,1300,97.73,1.78,,,-12.27, 11.92,,,,-26.01, 11.92,,,,-23.60, 11.91,,,,-89.17, 103.33,-22.72, 11.99
11,100,605,1375,87.77,11.63,,,-13.43, 5.13,,,,-27.17, 5.13,,,,-25.01, 5.10,,,,-36.02, 45.69,-24.87, 5.13
12,175,605,1450,66.67,32.86,,,-5.48, 2.00,,,,-19.23, 2.00,,,,-17.58, 1.94,,,,-25.29, 17.35,-17.49, 1.95
13,225,605,1500,55.86,43.74,,,-3.90, 1.78,,,,-17.64, 1.78,,,,-16.26, 1.74,,,,-20.95, 15.55,-16.20, 1.75
14,300,605,1575,45.89,53.88,,,-2.14, 1.61,,,,-15.89, 1.61,,,,-14.75, 1.58,,,,-12.50, 14.12,-14.78, 1.59
15,375,605,1650,36.73,62.99,,,-0.55, 1.53,,,,-14.29, 1.53,,,,-13.39, 1.51,,,,-5.60, 13.52,-13.49, 1.52
16,450,605,1725,29.34,70.68,,,-0.36, 1.53,,,,-14.10, 1.53,,,,-13.38, 1.52,,,,-16.82, 13.55,-13.34, 1.53
17,525,605,1800,23.81,76.11,,,-0.69, 1.59,,,,-14.43, 1.59,,,,-13.85, 1.58,,,,-11.01, 14.16,-13.88, 1.59
18,600,605,1875,17.97,81.92,,,-2.40, 1.71,,,,-16.14, 1.71,,,,-15.70, 1.71,,,,-14.46, 15.30,-15.72, 1.72
19,675,605,1950,12.66,87.15,,,-2.02, 1.66,,,,-15.77, 1.66,,,,-15.45, 1.66,,,,-17.21, 14.84,-15.43, 1.67
20,750,605,2025,9.54,90.47,,,-2.57, 1.75,,,,-16.32, 1.75,,,,-16.08, 1.75,,,,-18.05, 15.67,-16.06, 1.76
21,825,605,2100,6.08,93.92,,,-3.20, 1.81,,,,-16.94, 1.81,,,,-16.79, 1.81,,,,-18.03, 16.26,-16.77, 1.82
22,900,605,2175,3.67,96.31,,,-1.04, 1.96,,,,-14.78, 1.96,,,,-14.69, 1.96,,,,-22.28, 17.49,-14.59, 1.97
23,975,605,2250,2.15,97.75,,,0.41, 2.00,,,,-13.33, 2.00,,,,-13.28, 2.00,,,,-12.21, 17.89,-13.30, 2.01
24,1050,605,2325,1.59,98.48,,,1.60, 2.03,,,,-12.14, 2.03,,,,-12.11, 2.03,,,,-3.11, 18.21,-12.22, 2.04
25,1125,605,2400,1.28,98.76,,,-1.61, 2.03,,,,-15.35, 2.03,,,,-15.32, 2.03,,,,5.41, 18.40,-15.59, 2.04
26,1200,605,2475,0.99,99.03,,,0.29, 2.11,,,,-13.45, 2.11,,,,-13.43, 2.11,,,,2.27, 19.02,-13.62, 2.12
27,1275,605,2550,1.07,99.12,,,-1.51, 2.01,,,,-15.25, 2.01,,,,-15.23, 2.01,,,,-15.08, 18.02,-15.23, 2.02
28,1350,555,2625,0.94,99.10,,,0.64, 2.03,,,,-13.10, 2.03,,,,-13.08, 2.03,,,,-1.32, 18.32,-13.22, 2.05
29,1425,555,2700,0.86,98.92,,,0.59, 2.13,,,,-13.15, 2.13,,,,-13.13, 2.13,,,,-21.13, 18.98,-13.03, 2.14
,,,2810,,,,,,,,,,,,,,,,,,,,,,,
,,,,,,,,,,,,,,,,,,,,,,,,,,
,,,,,,,,,,,,,,,,,,,,,,,,,,
,,,,,,,,,,,,,,,,,,,,,,,,,,
,,,,,,,,,,,,,,,,,,,,,,,,,,
,,,,,,,,,,,,,,,,,,,,,,,,,,
,,,,,,,,,,,,,,,,,,,,,,,,,,
,,,,,,,,,,,,,,,,,,,,,,,,,,
,,,,,,,,,,,,,,,,,,,,,,,,,,
,,,,,,,,,,,,,,,,,,,,,,,,,,
,,,,,,,,,,,,,,,,,,,,,,,,,,
,,,,,,,,,,,,,,,,,,,,,,,,,,
,,,,,,,,,,,,,,,,,,,,,,,,,,
,,,,,,,,,,,,,,,,,,,,,,,,,,
,,,,,,,,,,,,,,,,,,,,,,,,,,
,,,,,,,,,,,,,,,,,,,,,,,,,,
,,,,,,,,,,,,,,,,,,,,,,,,,,
,,,,,,,,,,,,,,,,,,,,,,,,,,
,,,,,,,,,,,,,,,,,,,,,,,,,,
,,,,,,,,,,,,,,,,,,,,,,,,,,
,,,,,,,,,,,,,,,,,,,,,,,,,,
,,,,,,,,,,,,,,,,,,,,,,,,,,
,,,,,,,,,,,,,,,,,,,,,,,,,,
,,,,,,,,,,,,,,,,,,,,,,,,,,
,,,,,,,,,,,,,,,,,,,,,,,,,,
,,,,,,,,,,,,,,,,,,,,,,,,,,
,,,,,,,,,,,,,,,,,,,,,,,,,,
,,,,,,,,,,,,,,,,,,,,,,,,,,
,,,,,,,,,,,,,,,,,,,,,,,,,,
,,,,,,,,,,,,,,,,,,,,,,,,,,
,,,,,,,,,,,,,,,,,,,,,,,,,,
,,,,,,,,,,,,,,,,,,,,,,,,,,
,,,,,,,,,,,,,,,,,,,,,,,,,,
,,,,,,,,,,,,,,,,,,,,,,,,,,
,,,,,,,,,,,,,,,,,,,,,,,,,,
,,,,,,,,,,,,,,,,,,,,,,,,,,
,,,,,,,,,,,,,,,,,,,,,,,,,,
,,,,,,,,,,,,,,,,,,,,,,,,,,
,,,,,,,,,,,,,,,,,,,,,,,,,,
,,,,,,,,,,,,,,,,,,,,,,,,,,
,,,,,,,,,,,,,,,,,,,,,,,,,,
FNDA-1,,,,,,,,,,,,,,,,,,,,,,,,,,
Nickel Profile #2,,,,,,,,Mtarix-corrected and,,,,,Matrix-corrected ratios,,,,,Uncorrected data,,,,,,,,
"Data collected November, 2014",,,,,,,,Internally standardized ratios,,,,,No correction for instrumental fractionation,,,,,No matrix correction or correction for instrumental fractionation,,,,,,,,
,,,Distance,,,,,,,,,,,,,,,,,,,,,,,
Spot Number,Position X,Position Y,From Edge,Fe,Ni,,,d62Ni/60Ni ‰ / amu,2smean,,,,d62Ni/60Ni ‰ / amu,2smean,,,,d62Ni/60Ni ‰ / amu,2smean,,,,,,,
,,,0,,,,,,,,,,,,,,,,,,,,,,,
1,-650,170,510,97.90,0.66,,,-1.17, 5.34,,,,-15.60, 5.11,,,,-13.19, 5.06,,,,,,,
2,-575,170,585,98.60,0.73,,,-1.21, 5.59,,,,-15.64, 5.37,,,,-13.21, 5.33,,,,,,,
3,-500,170,660,98.13,0.95,,,1.19, 5.46,,,,-13.25, 5.23,,,,-10.83, 5.19,,,,,,,
4,-425,170,735,98.60,0.83,,,2.88, 5.46,,,,-11.56, 5.23,,,,-9.12, 5.19,,,,,,,
5,-350,170,810,98.95,0.74,,,1.88, 5.35,,,,-12.56, 5.12,,,,-10.12, 5.08,,,,,,,
6,-275,170,885,98.43,0.97,,,0.98, 5.30,,,,-13.45, 5.07,,,,-11.02, 5.02,,,,,,,
7,-200,170,960,98.43,0.96,,,0.15, 5.55,,,,-14.29, 5.33,,,,-11.86, 5.29,,,,,,,
8,-125,170,1035,98.62,0.85,,,1.19, 5.52,,,,-13.25, 5.30,,,,-10.82, 5.26,,,,,,,
9,-50,170,1110,98.78,0.68,,,-0.58, 5.59,,,,-15.01, 5.37,,,,-12.58, 5.33,,,,,,,
10,25,170,1185,98.41,1.12,,,1.55, 5.57,,,,-12.88, 5.35,,,,-10.46, 5.31,,,,,,,
11,100,170,1260,96.89,2.47,,,4.93, 5.61,,,,-9.51, 5.39,,,,-7.12, 5.35,,,,,,,
12,175,170,1335,81.40,18.05,,,-10.18, 3.94,,,,-24.61, 3.62,,,,-22.60, 3.58,,,,,,,
13,250,170,1410,60.20,39.35,,,-4.12, 2.29,,,,-18.55, 1.69,,,,-17.07, 1.64,,,,,,,
14,325,170,1485,49.60,50.10,,,-0.35, 1.90,,,,-14.79, 1.09,,,,-13.56, 1.04,,,,,,,
15,400,170,1560,39.45,60.23,,,-0.30, 1.83,,,,-14.73, 0.98,,,,-13.76, 0.94,,,,,,,
16,475,170,1635,31.70,68.32,,,0.08, 1.78,,,,-14.35, 0.87,,,,-13.57, 0.84,,,,,,,
17,550,170,1710,25.45,74.51,,,1.90, 1.78,,,,-12.54, 0.88,,,,-11.91, 0.86,,,,,,,
18,625,170,1785,19.62,80.23,,,1.21, 1.78,,,,-13.22, 0.88,,,,-12.74, 0.87,,,,,,,
19,700,170,1860,14.28,85.59,,,1.43, 1.84,,,,-13.00, 0.99,,,,-12.65, 0.98,,,,,,,
20,775,170,1935,10.94,89.02,,,0.95, 1.88,,,,-13.49, 1.05,,,,-13.22, 1.05,,,,,,,
21,850,170,2010,7.11,92.92,,,-0.83, 1.97,,,,-15.26, 1.22,,,,-15.09, 1.22,,,,,,,
22,925,170,2085,4.30,95.69,,,-0.34, 2.07,,,,-14.77, 1.36,,,,-14.66, 1.36,,,,,,,
23,1000,170,2160,2.60,97.34,,,0.81, 2.02,,,,-13.62, 1.29,,,,-13.56, 1.29,,,,,,,
24,1075,170,2235,1.73,98.36,,,-0.05, 2.05,,,,-14.48, 1.34,,,,-14.44, 1.34,,,,,,,
25,1150,170,2310,1.38,98.66,,,1.11, 2.04,,,,-13.32, 1.32,,,,-13.29, 1.32,,,,,,,
26,1225,170,2385,1.00,99.12,,,-0.46, 2.05,,,,-14.89, 1.34,,,,-14.87, 1.34,,,,,,,
27,1300,170,2460,1.06,98.91,,,-0.60, 2.03,,,,-15.04, 1.31,,,,-15.01, 1.31,,,,,,,
,,,2772,,,,,,,,,,,,,,,,,,,,,,,
,,,,,,,,,,,,,,,,,,,,,,,,,,
,,,,,,,,,,,,,,,,,,,,,,,,,,
,,,,,,,,,,,,,,,,,,,,,,,,,,
,,,,,,,,,,,,,,,,,,,,,,,,,,
,,,,,,,,,,,,,,,,,,,,,,,,,,
,,,,,,,,,,,,,,,,,,,,,,,,,,
,,,,,,,,,,,,,,,,,,,,,,,,,,
,,,,,,,,,,,,,,,,,,,,,,,,,,
,,,,,,,,,,,,,,,,,,,,,,,,,,
,,,,,,,,,,,,,,,,,,,,,,,,,,
,,,,,,,,,,,,,,,,,,,,,,,,,,
,,,,,,,,,,,,,,,,,,,,,,,,,,
,,,,,,,,,,,,,,,,,,,,,,,,,,
,,,,,,,,,,,,,,,,,,,,,,,,,,
,,,,,,,,,,,,,,,,,,,,,,,,,,
,,,,,,,,,,,,,,,,,,,,,,,,,,
,,,,,,,,,,,,,,,,,,,,,,,,,,
,,,,,,,,,,,,,,,,,,,,,,,,,,
,,,,,,,,,,,,,,,,,,,,,,,,,,
,,,,,,,,,,,,,,,,,,,,,,,,,,
,,,,,,,,,,,,,,,,,,,,,,,,,,
,,,,,,,,,,,,,,,,,,,,,,,,,,
,,,,,,,,,,,,,,,,,,,,,,,,,,
,,,,,,,,,,,,,,,,,,,,,,,,,,
,,,,,,,,,,,,,,,,,,,,,,,,,,
,,,,,,,,,,,,,,,,,,,,,,,,,,
,,,,,,,,,,,,,,,,,,,,,,,,,,
,,,,,,,,,,,,,,,,,,,,,,,,,,
,,,,,,,,,,,,,,,,,,,,,,,,,,
,,,,,,,,,,,,,,,,,,,,,,,,,,
,,,,,,,,,,,,,,,,,,,,,,,,,,
,,,,,,,,,,,,,,,,,,,,,,,,,,
,,,,,,,,,,,,,,,,,,,,,,,,,,
FNDA-1,,,,,,,,,,,,,,,,,,,,,,,,,,
Nickel Profile #3,,,,,,,,Mtarix-corrected and,,,,,Matrix-corrected ratios,,,,,Uncorrected data,,,,,,,,
"Data collected November, 2014",,,,,,,,Internally standardized ratios,,,,,No correction for instrumental fractionation,,,,,No matrix correction or correction for instrumental fractionation,,,,,,,,
,,,Distance,,,,,,,,,,,,,,,,,,,,,,,
Spot Number,Position X,Position Y,From Edge,Fe,Ni,,,d62Ni/60Ni ‰ / amu,2smean,,,,d62Ni/60Ni ‰ / amu,2smean,,,,d62Ni/60Ni ‰ / amu,2smean,,,,,,,
,,,0,,,,,,,,,,,,,,,,,,,,,,,
1,-900,0,250,98.40,0.87,,,-5.44, 3.79,,,,-18.62, 3.79,,,,-16.87, 3.77,,,,,,,
2,-825,0,325,98.40,0.87,,,-2.39, 3.83,,,,-15.57, 3.83,,,,-13.82, 3.81,,,,,,,
3,-750,0,400,98.40,0.87,,,-5.56, 3.83,,,,-18.74, 3.83,,,,-16.99, 3.81,,,,,,,
4,-675,0,475,98.87,0.69,,,-2.43, 3.78,,,,-15.61, 3.78,,,,-13.85, 3.76,,,,,,,
5,-600,0,550,98.53,0.79,,,-3.77, 3.90,,,,-16.96, 3.90,,,,-15.20, 3.89,,,,,,,
6,-525,0,625,98.27,0.86,,,-3.88, 3.75,,,,-17.06, 3.75,,,,-15.31, 3.74,,,,,,,
7,-450,0,700,98.54,0.92,,,-8.45, 4.00,,,,-21.64, 4.00,,,,-19.88, 3.99,,,,,,,
8,-375,0,775,98.81,0.75,,,1.51, 3.97,,,,-11.68, 3.97,,,,-9.91, 3.96,,,,,,,
9,-300,0,850,98.81,0.82,,,-3.16, 3.97,,,,-16.35, 3.97,,,,-14.58, 3.96,,,,,,,
10,-225,0,925,98.30,1.02,,,-0.13, 3.98,,,,-13.31, 3.98,,,,-11.56, 3.96,,,,,,,
11,-150,0,1000,98.52,1.00,,,-1.76, 3.95,,,,-14.95, 3.95,,,,-13.19, 3.93,,,,,,,
12,-75,0,1075,98.77,0.69,,,-0.49, 3.93,,,,-13.68, 3.93,,,,-11.91, 3.91,,,,,,,
13,0,0,1150,98.25,1.15,,,3.41, 3.82,,,,-9.78, 3.82,,,,-8.02, 3.80,,,,,,,
14,75,0,1225,97.73,1.78,,,-1.24, 3.92,,,,-14.43, 3.92,,,,-12.69, 3.91,,,,,,,
15,150,0,1300,88.68,10.71,,,-11.22, 3.14,,,,-24.41, 3.14,,,,-22.83, 3.12,,,,,,,
16,225,0,1375,67.97,31.56,,,-8.42, 1.23,,,,-21.60, 1.23,,,,-20.39, 1.20,,,,,,,
17,300,0,1450,52.81,46.83,,,-3.23, 0.61,,,,-16.41, 0.61,,,,-15.47, 0.58,,,,,,,
18,375,0,1525,43.18,56.58,,,-0.83, 0.52,,,,-14.01, 0.52,,,,-13.24, 0.49,,,,,,,
19,450,0,1600,33.92,66.00,,,-1.34, 0.48,,,,-14.52, 0.48,,,,-13.92, 0.46,,,,,,,
20,525,0,1675,27.92,72.10,,,0.21, 0.52,,,,-12.98, 0.52,,,,-12.48, 0.51,,,,,,,
21,600,0,1750,21.92,77.96,,,-0.30, 0.54,,,,-13.48, 0.54,,,,-13.09, 0.53,,,,,,,
22,675,0,1825,15.90,84.02,,,1.54, 0.57,,,,-11.65, 0.57,,,,-11.37, 0.57,,,,,,,
23,750,0,1900,11.80,88.09,,,-1.12, 0.61,,,,-14.30, 0.61,,,,-14.09, 0.61,,,,,,,
24,825,0,1975,8.42,91.62,,,-0.38, 0.67,,,,-13.57, 0.67,,,,-13.42, 0.67,,,,,,,
25,900,0,2050,5.37,94.63,,,-0.78, 0.67,,,,-13.97, 0.67,,,,-13.87, 0.67,,,,,,,
26,975,0,2125,3.17,96.80,,,-0.01, 0.70,,,,-13.20, 0.70,,,,-13.14, 0.70,,,,,,,
27,1050,0,2200,2.02,97.93,,,0.16, 0.73,,,,-13.03, 0.73,,,,-12.99, 0.73,,,,,,,
28,1125,0,2275,1.50,98.54,,,0.32, 0.74,,,,-12.87, 0.74,,,,-12.84, 0.74,,,,,,,
29,1200,0,2350,1.21,98.85,,,0.42, 0.82,,,,-12.77, 0.82,,,,-12.75, 0.82,,,,,,,
30,1275,0,2425,1.00,98.99,,,0.39, 0.86,,,,-12.79, 0.86,,,,-12.78, 0.86,,,,,,,
31,1350,0,2500,1.08,99.10,,,-0.49, 0.87,,,,-13.68, 0.87,,,,-13.66, 0.87,,,,,,,
,,,2765,,,,,,,,,,,,,,,,,,,,,,,
,,,,,,,,,,,,,,,,,,,,,,,,,,
,,,,,,,,,,,,,,,,,,,,,,,,,,
,,,,,,,,,,,,,,,,,,,,,,,,,,
,,,,,,,,,,,,,,,,,,,,,,,,,,
,,,,,,,,,,,,,,,,,,,,,,,,,,
,,,,,,,,,,,,,,,,,,,,,,,,,,
,,,,,,,,,,,,,,,,,,,,,,,,,,
,,,,,,,,,,,,,,,,,,,,,,,,,,
,,,,,,,,,,,,,,,,,,,,,,,,,,
,,,,,,,,,,,,,,,,,,,,,,,,,,
,,,,,,,,,,,,,,,,,,,,,,,,,,
,,,,,,,,,,,,,,,,,,,,,,,,,,
,,,,,,,,,,,,,,,,,,,,,,,,,,
,,,,,,,,,,,,,,,,,,,,,,,,,,
,,,,,,,,,,,,,,,,,,,,,,,,,,
,,,,,,,,,,,,,,,,,,,,,,,,,,
,,,,,,,,,,,,,,,,,,,,,,,,,,
,,,,,,,,,,,,,,,,,,,,,,,,,,
,,,,,,,,,,,,,,,,,,,,,,,,,,
,,,,,,,,,,,,,,,,,,,,,,,,,,
,,,,,,,,,,,,,,,,,,,,,,,,,,
,,,,,,,,,,,,,,,,,,,,,,,,,,
,,,,,,,,,,,,,,,,,,,,,,,,,,
,,,,,,,,,,,,,,,,,,,,,,,,,,
,,,,,,,,,,,,,,,,,,,,,,,,,,
,,,,,,,,,,,,,,,,,,,,,,,,,,
,,,,,,,,,,,,,,,,,,,,,,,,,,
,,,,,,,,,,,,,,,,,,,,,,,,,,
,,,,,,,,,,,,,,,,,,,,,,,,,,
,,,,,,,,,,,,,,,,,,,,,,,,,,
,,,,,,,,,,,,,,,,,,,,,,,,,,
,,,,,,,,,,,,,,,,,,,,,,,,,,
,,,,,,,,,,,,,,,,,,,,,,,,,,
,,,,,,,,,,,,,,,,,,,,,,,,,,
FND2,,Data are not very good.  Could not do Cr correction on 54Fe because of bad Cr data.  Use only 57Fe/56Fe ratio,,,,,,,,,,,,,,,,,,,,,,,,
,,,,,,,,Mtarix-corrected and,,,,,Matrix-corrected ratios,,,,,Uncorrected data,,,,,,,,
Data collected February 2013,,,,,,,,Internally standardized ratios,,,,,No correction for instrumental fractionation,,,,,No matrix correction or correction for instrumental fractionation,,,,,,,,
Fe Profile #1,,,Distance,,,,,,,,,,,,,,,,,,,,,,,
Spot Number,Position X,Position Y,From Edge,Fe,Ni,,,d57Fe/56Fe ‰ / amu,2smean,,,,d57Fe/56Fe ‰ / amu,2smean,,,,d57Fe/56Fe ‰ / amu,2smean,,,,,,,
,,,0,,,,,,,,,,,,,,,,,,,,,,,
1,681,-1179,380,99.82,0,,,2.40, 3.67,,,,-13.59,2.13,,,,-13.59, 2.13,,,,,,,
2,631,-1179,430,99.29,0.15,,,-0.41, 3.66,,,,-16.41,2.11,,,,-16.41, 2.11,,,,,,,
3,581,-1179,480,99.767,0,,,1.34, 3.73,,,,-14.65,2.24,,,,-14.65, 2.24,,,,,,,
4,531,-1179,530,99.505,0,,,-1.65, 3.63,,,,-17.64,2.07,,,,-17.64, 2.07,,,,,,,
5,481,-1179,580,99.335,0,,,1.18, 3.62,,,,-14.81,2.05,,,,-14.81, 2.05,,,,,,,
6,431,-1179,630,99.671,0,,,1.61, 3.62,,,,-14.38,2.05,,,,-14.38, 2.05,,,,,,,
7,381,-1179,680,99.476,0,,,-0.74, 3.62,,,,-16.73,2.04,,,,-16.73, 2.04,,,,,,,
8,331,-1179,730,99.765,0,,,1.17, 3.97,,,,-14.82,2.62,,,,-14.82, 2.62,,,,,,,
9,281,-1179,780,99.341,0.003,,,3.05, 3.63,,,,-12.94,2.06,,,,-12.94, 2.06,,,,,,,
10,231,-1179,830,99.482,0,,,0.55, 3.61,,,,-15.44,2.02,,,,-15.44, 2.02,,,,,,,
11,181,-1179,880,99.37,0.06,,,-0.56, 3.60,,,,-16.55,2.01,,,,-16.55, 2.01,,,,,,,
12,131,-1179,930,99.73,0,,,-1.97, 3.60,,,,-17.96,2.00,,,,-17.96, 2.00,,,,,,,
13,81,-1179,980,99.64,0,,,-0.57, 3.59,,,,-16.56,1.99,,,,-16.56, 1.99,,,,,,,
14,31,-1179,1030,99.21,0,,,-1.51, 3.58,,,,-17.50,1.98,,,,-17.50, 1.98,,,,,,,
15,-19,-1179,1080,99.345,0,,,-1.22, 3.61,,,,-17.21,2.02,,,,-17.21, 2.02,,,,,,,
16,-69,-1179,1130,99.513,0,,,-0.48, 3.57,,,,-16.47,1.96,,,,-16.47, 1.96,,,,,,,
17,-119,-1179,1180,99.7765,0,,,-1.81, 3.57,,,,-17.80,1.95,,,,-17.80, 1.95,,,,,,,
18,-169,-1179,1230,99.204,0.14,,,-0.37, 3.56,,,,-16.37,1.94,,,,-16.37, 1.94,,,,,,,
19,-269,-1179,1330,99.795,0.005,,,1.57, 3.56,,,,-14.42,1.93,,,,-14.42, 1.93,,,,,,,
20,-369,-1179,1430,94.893,4.634,,,1.83, 3.56,,,,-14.16,1.93,,,,-14.32, 1.93,,,,,,,
21,-469,-1179,1530,77.3475,22.235,,,-0.24, 3.57,,,,-16.23,1.96,,,,-17.03, 1.94,,,,,,,
22,-569,-1179,1630,60.185,39.571,,,0.55, 3.66,,,,-15.44,2.12,,,,-16.86, 2.06,,,,,,,
23,-669,-1179,1730,48.034,51.702,,,-2.55, 3.94,,,,-18.54,2.57,,,,-20.39, 2.47,,,,,,,
24,-769,-1179,1830,39.83,59.9225,,,0.68, 4.17,,,,-15.31,2.91,,,,-17.45, 2.79,,,,,,,
25,-869,-1179,1930,33.0975,66.595,,,0.61, 4.63,,,,-15.38,3.54,,,,-17.76, 3.43,,,,,,,
26,-969,-1179,2030,27.578,72.168,,,0.45, 4.94,,,,-15.54,3.93,,,,-18.12, 3.81,,,,,,,
27,-1019,-1179,2080,25.38,74.555,,,-2.03, 5.23,,,,-18.02,4.30,,,,-20.69, 4.18,,,,,,,
28,-1069,-1179,2130,22.94,76.855,,,-1.00, 5.24,,,,-16.99,4.31,,,,-19.74, 4.18,,,,,,,
29,-1119,-1179,2180,20.68,79.165,,,-1.94, 5.50,,,,-17.93,4.61,,,,-20.76, 4.49,,,,,,,
30,-1169,-1179,2230,18.6,81.39,,,-4.35, 5.79,,,,-20.34,4.96,,,,-23.25, 4.83,,,,,,,
31,-1219,-1179,2280,16.215,83.69,,,-9.51, 6.10,,,,-25.50,5.32,,,,-28.49, 5.20,,,,,,,
32,-1269,-1179,2330,14.085,85.875,,,-9.86, 6.52,,,,-25.85,5.80,,,,-28.93, 5.68,,,,,,,
33,-1319,-1179,2380,12.466,87.476,,,-6.20, 7.03,,,,-22.19,6.36,,,,-25.32, 6.25,,,,,,,
34,-1369,-1179,2430,10.742,89.138,,,-10.77, 7.73,,,,-26.76,7.13,,,,-29.95, 7.03,,,,,,,
35,-1416,-1179,2477,9.1332,90.7424,,,-10.31, 8.25,,,,-26.30,7.69,,,,-29.55, 7.59,,,,,,,
36,-1469,-1179,2530,7.31,92.695,,,-13.16, 9.37,,,,-29.15,8.88,,,,-32.47, 8.79,,,,,,,
37,-1519,-1179,2580,6.19,93.872,,,-17.21, 10.42,,,,-33.20,9.98,,,,-36.56, 9.90,,,,,,,
38,-1569,-1179,2630,5.192,94.902,,,-15.83, 14.04,,,,-31.82,13.72,,,,-35.22, 13.66,,,,,,,
39,-1619,-1179,2680,4.034,95.778,,,-17.81, 15.06,,,,-33.80,14.76,,,,-37.23, 14.71,,,,,,,
40,-1669,-1179,2730,3.23,96.585,,,-14.73, 16.98,,,,-30.72,16.72,,,,-34.18, 16.67,,,,,,,
41,-1719,-1179,2780,2.371,97.475,,,,,,,,,,,,,,,,,,,,,
42,-1769,-1179,2830,1.4,68.6,,,-11.20, 22.74,,,,-27.19,22.54,,,,-29.64, 22.52,,,,,,,
,,,3520,,,,,,,,,,,,,,,,,,,,,,,
,,,,,,,,,,,,,,,,,,,,,,,,,,
,,,,,,,,,,,,,,,,,,,,,,,,,,
,,,,,,,,,,,,,,,,,,,,,,,,,,
,,,,,,,,,,,,,,,,,,,,,,,,,,
,,,,,,,,,,,,,,,,,,,,,,,,,,
,,,,,,,,,,,,,,,,,,,,,,,,,,
,,,,,,,,,,,,,,,,,,,,,,,,,,
,,,,,,,,,,,,,,,,,,,,,,,,,,
,,,,,,,,,,,,,,,,,,,,,,,,,,
,,,,,,,,,,,,,,,,,,,,,,,,,,
,,,,,,,,,,,,,,,,,,,,,,,,,,
,,,,,,,,,,,,,,,,,,,,,,,,,,
,,,,,,,,,,,,,,,,,,,,,,,,,,
,,,,,,,,,,,,,,,,,,,,,,,,,,
,,,,,,,,,,,,,,,,,,,,,,,,,,
,,,,,,,,,,,,,,,,,,,,,,,,,,
,,,,,,,,,,,,,,,,,,,,,,,,,,
,,,,,,,,,,,,,,,,,,,,,,,,,,
,,,,,,,,,,,,,,,,,,,,,,,,,,
,,,,,,,,,,,,,,,,,,,,,,,,,,
,,,,,,,,,,,,,,,,,,,,,,,,,,
,,,,,,,,,,,,,,,,,,,,,,,,,,
,,,,,,,,,,,,,,,,,,,,,,,,,,
,,,,,,,,,,,,,,,,,,,,,,,,,,
,,,,,,,,,,,,,,,,,,,,,,,,,,
,,,,,,,,,,,,,,,,,,,,,,,,,,
,,,,,,,,,,,,,,,,,,,,,,,,,,
,,,,,,,,,,,,,,,,,,,,,,,,,,
,,,,,,,,,,,,,,,,,,,,,,,,,,
,,,,,,,,,,,,,,,,,,,,,,,,,,
,,,,,,,,,,,,,,,,,,,,,,,,,,
,,,,,,,,,,,,,,,,,,,,,,,,,,
,,,,,,,,,,,,,,,,,,,,,,,,,,
FND2,,Data not useful.  Lost Ni peak positions when the Ni count rates were low.  Only have good data on high-Ni regions.,,,,,,,,,,,,,,,,,,,,,,,,
,,,,,,,,dNi combines data from 61Ni/60Ni and 62Ni/60Ni,,,,,,,,,,,,,,,,,,
,,,,,,,,Mtarix-corrected and,,,,,Matrix-corrected ratios,,,,,Uncorrected data,,,,,,,,
"Data collected February, 2013",,,,,,,,Internally standardized ratios,,,,,No correction for instrumental fractionation,,,,,No matrix correction or correction for instrumental fractionation,,,,,,,,
Ni Profile #1,,,Distance,,,,,,,,,,,,,,,,,,,,,,,
Spot Number,Position X,Position Y,From Edge,Fe,Ni,,,dNi/60Ni ‰ / amu,2smean,,,,dNi/60Ni ‰ / amu,2smean,,,,dNi/60Ni ‰ / amu,2smean,,,,d61Ni,2smean,d62Ni,2smean
,,,0,,,,,,,,,,,,,,,,,,,,,,,
1,681,-1179,380,99.82,0,,,,,,,,,,,,,,,,,,,,,
2,631,-1179,430,99.29,0.15,,,,,,,,,,,,,,,,,,,,,
3,581,-1179,480,99.767,0,,,,,,,,,,,,,,,,,,,,,
4,531,-1179,530,99.505,0,,,,,,,,,,,,,,,,,,,,,
5,481,-1179,580,99.335,0,,,,,,,,,,,,,,,,,,,,,
6,431,-1179,630,99.671,0,,,,,,,,,,,,,,,,,,,,,
7,381,-1179,680,99.476,0,,,,,,,,,,,,,,,,,,,,,
8,331,-1179,730,99.765,0,,,,,,,,,,,,,,,,,,,,,
9,281,-1179,780,99.341,0.003,,,,,,,,,,,,,,,,,,,,,
10,231,-1179,830,99.482,0,,,,,,,,,,,,,,,,,,,,,
11,181,-1179,880,99.37,0.06,,,,,,,,,,,,,,,,,,,,,
12,131,-1179,930,99.73,0,,,,,,,,,,,,,,,,,,,,,
13,81,-1179,980,99.64,0,,,,,,,,,,,,,,,,,,,,,
14,31,-1179,1030,99.21,0,,,,,,,,,,,,,,,,,,,,,
15,-19,-1179,1080,99.345,0,,,,,,,,,,,,,,,,,,,,,
16,-69,-1179,1130,99.513,0,,,,,,,,,,,,,,,,,,,,,
17,-119,-1179,1180,99.7765,0,,,,,,,,,,,,,,,,,,,,,
18,-169,-1179,1230,99.204,0.14,,,,,,,,,,,,,,,,,,,,,
19,-269,-1179,1330,99.795,0.005,,,,,,,,,,,,,,,,,,,,,
20,-369,-1179,1430,94.893,4.634,,,-16.13, 9.61,,,,-32.65, 9.14,,,,-30.31, 9.11,,,,-54.47, 25.14,-26.66, 9.78
21,-469,-1179,1530,77.3475,22.235,,,-4.16, 4.46,,,,-20.69, 3.31,,,,-18.78, 3.27,,,,-17.24, 9.11,-19.01, 3.50
22,-569,-1179,1630,60.185,39.571,,,-0.13, 3.71,,,,-16.65, 2.21,,,,-15.17, 2.17,,,,-15.30, 6.02,-15.15, 2.32
23,-669,-1179,1730,48.034,51.702,,,-3.14, 3.71,,,,-19.67, 2.21,,,,-18.49, 2.18,,,,-19.41, 6.07,-18.35, 2.34
24,-769,-1179,1830,39.83,59.9225,,,-1.11, 3.69,,,,-17.64, 2.17,,,,-16.66, 2.15,,,,-20.50, 5.98,-16.08, 2.31
25,-869,-1179,1930,33.0975,66.595,,,-0.28, 3.79,,,,-16.81, 2.33,,,,-15.99, 2.32,,,,-21.50, 6.44,-15.17, 2.49
26,-969,-1179,2030,27.578,72.168,,,1.24, 3.78,,,,-15.28, 2.32,,,,-14.60, 2.31,,,,-15.60, 6.42,-14.46, 2.48
27,-1019,-1179,2080,25.38,74.555,,,0.55, 3.85,,,,-15.97, 2.43,,,,-15.35, 2.43,,,,-16.65, 6.74,-15.15, 2.60
28,-1069,-1179,2130,22.94,76.855,,,0.73, 3.74,,,,-15.79, 2.26,,,,-15.23, 2.26,,,,-15.25, 6.28,-15.22, 2.42
29,-1119,-1179,2180,20.68,79.165,,,0.29, 3.76,,,,-16.24, 2.29,,,,-15.73, 2.28,,,,-13.40, 6.36,-16.08, 2.45
30,-1169,-1179,2230,18.6,81.39,,,-1.89, 3.76,,,,-18.42, 2.29,,,,-17.96, 2.28,,,,-22.25, 6.34,-17.32, 2.45
31,-1219,-1179,2280,16.215,83.69,,,0.75, 3.81,,,,-15.78, 2.38,,,,-15.38, 2.38,,,,-11.10, 6.63,-16.01, 2.55
32,-1269,-1179,2330,14.085,85.875,,,1.10, 3.81,,,,-15.43, 2.37,,,,-15.08, 2.37,,,,-13.51, 6.58,-15.32, 2.53
33,-1319,-1179,2380,12.466,87.476,,,-2.45, 3.83,,,,-18.98, 2.41,,,,-18.67, 2.40,,,,-24.09, 6.68,-17.86, 2.58
34,-1369,-1179,2430,10.742,89.138,,,0.24, 3.88,,,,-16.28, 2.48,,,,-16.02, 2.48,,,,-13.76, 6.91,-16.35, 2.66
35,-1416,-1179,2477,9.1332,90.7424,,,1.27, 3.87,,,,-15.26, 2.48,,,,-15.04, 2.47,,,,-13.34, 6.89,-15.29, 2.65
36,-1469,-1179,2530,7.31,92.695,,,-1.77, 3.88,,,,-18.30, 2.48,,,,-18.12, 2.48,,,,-17.45, 6.92,-18.21, 2.66
37,-1519,-1179,2580,6.19,93.872,,,-0.47, 3.93,,,,-17.00, 2.56,,,,-16.85, 2.56,,,,-17.06, 7.14,-16.81, 2.75
38,-1569,-1179,2630,5.192,94.902,,,-1.40, 4.22,,,,-17.92, 2.99,,,,-17.79, 2.99,,,,-21.73, 8.31,-17.21, 3.21
39,-1619,-1179,2680,4.034,95.778,,,2.48, 4.14,,,,-14.05, 2.87,,,,-13.95, 2.87,,,,-14.27, 7.97,-13.90, 3.07
40,-1669,-1179,2730,3.23,96.585,,,2.16, 4.13,,,,-14.37, 2.85,,,,-14.29, 2.85,,,,-12.31, 7.94,-14.58, 3.06
41,-1719,-1179,2780,2.371,97.475,,,0.13, 4.01,,,,-16.40, 2.69,,,,-16.34, 2.69,,,,-17.62, 7.48,-16.15, 2.88
42,-1769,-1179,2830,1.4,68.6,,,-1.16, 4.00,,,,-17.69, 2.66,,,,-17.65, 2.66,,,,-21.75, 7.40,-17.04, 2.85
,,,3520,,,,,,,,,,,,,,,,,,,,,,,
